Portfolio,Annual Return,Volatility,Sharpe,Tracking Error,Excess Return
Efficient_10_years,0.00034291376210122336,1.4865049572707844e-05,23.068457351855137,0.24293412952589655,-0.09910685758683876
60_40_10_years,0.00034424350866865135,1.1747828982423943e-05,29.302734078243553,0.24293408314850043,-0.09910552784027134
Efficient_5_years,0.0003654581535384183,2.278200609611802e-05,16.04152645717583,0.24293199832854942,-0.09908431319540158
60_40_5_years,0.00035777014353096835,1.563340008133405e-05,22.88498609833048,0.24293280428306568,-0.09909200120540902
Efficient_3_years,0.0002480314897398733,0.0003712872880274352,0.6680311923890745,0.24292316533210156,-0.09920173985920012
60_40_3_years,0.00028731414525184126,0.00022274232063943024,1.2898947287028508,0.2429274365850034,-0.09916245720368816
